{"cameraMode":{"drawMode":0,"name":"Shaded","section":"Shading Mode"},"sceneLighting":true,"audioPlay":false,"sceneViewState":{"m_AlwaysRefresh":false,"showFog":true,"showSkybox":true,"showFlares":true,"showImageEffects":true,"showParticleSystems":true,"showVisualEffectGraphs":true,"m_FxEnabled":true},"in2DMode":false,"pivot":{"x":0.0000476837158203125,"y":1.8840796947479249,"z":0.9471760988235474},"rotation":{"x":0.19215647876262666,"y":-0.12620440125465394,"z":0.024926617741584779,"w":0.9728959798812866},"size":22.650081634521486,"orthographic":false}